,productId,name,category,categoryBreadcrumb,categoryId,categoryName,countReview,discountPercentage,originalPrice,price,rating,ratingAverage,productUrl,shopId,shopName,shopUrl,shopCity,isOfficial,isPowerBadge
0,10788528837,"MSI Modern 14 C11M i3-1115G4 UHD Graphics 14"" FHD IPS-Level Thin Bezel",4008,komputer-laptop/pc-laptop-gaming/laptop-gaming,297,Komputer & Laptop,507,39,Rp8.999.000,Rp5.454.500,5,4.9,https://www.tokopedia.com/msi-official/msi-modern-14-c11m-i3-1115g4-uhd-graphics-14-fhd-ips-level-thin-bezel-256gb-ohs-black?extParam=cmp%3D1%26ivf%3Dfalse%26src%3Dsearch&refined=true,3145751,MSI Official Store,https://www.tokopedia.com/msi-official,Jakarta Pusat,True,True
1,11615410239,"MSI Modern 14 C12M i3-1215U 8G UHD Graphics 14"" FHD 60Hz IPS-Level W11",3982,komputer-laptop/laptop/laptop-consumer,297,Komputer & Laptop,1,0,,Rp6.375.000,5,5.0,https://www.tokopedia.com/starcomporigin/msi-modern-14-c12m-i3-1215u-8g-uhd-graphics-14-fhd-60hz-ips-level-w11-black-256gb-c05c1?extParam=ivf%3Dfalse%26src%3Dsearch&refined=true,118490,StarComp,https://www.tokopedia.com/starcomporigin,Kab. Sleman,True,True
2,10972422444,"MSI Modern 14 C11M|i3-1115G4|UHD Graphics|14"" FHD IPS-Level Thin Bezel",3982,komputer-laptop/laptop/laptop-consumer,297,Komputer & Laptop,0,11,Rp6.499.000,Rp5.799.000,0,,https://www.tokopedia.com/smartmediacom/msi-modern-14-c11m-i3-1115g4-uhd-graphics-14-fhd-ips-level-thin-bezel-256gb?extParam=ivf%3Dfalse%26src%3Dsearch&refined=true,2404008,Smart Media Computer,https://www.tokopedia.com/smartmediacom,Makassar,False,True
3,10427505093,"ASUS VIVOBOOK A1400EA i3-1115G4 8GB SSD 512GB 14"" FHD UHD GRAPHICS W11",3982,komputer-laptop/laptop/laptop-consumer,297,Komputer & Laptop,0,0,,Rp5.949.000,0,,https://www.tokopedia.com/auratechnology/asus-vivobook-a1400ea-i3-1115g4-8gb-ssd-512gb-14-fhd-uhd-graphics-w11-8gb-ssd-256gb?extParam=ivf%3Dfalse%26src%3Dsearch&refined=true,5476200,aura technology,https://www.tokopedia.com/auratechnology,Jakarta Pusat,True,True
4,10556350922,"MSI Modern 14 C12M i3-1215U 8GB 14"" FHD IPS 60Hz UHD Graphics W11",3982,komputer-laptop/laptop/laptop-consumer,297,Komputer & Laptop,1,26,Rp8.999.000,Rp6.699.000,5,5.0,https://www.tokopedia.com/collinsofficial/msi-modern-14-c12m-i3-1215u-8gb-14-fhd-ips-60hz-uhd-graphics-w11-ssd-256gb-512c3?extParam=ivf%3Dfalse%26src%3Dsearch&refined=true,6309604,Collins Official,https://www.tokopedia.com/collinsofficial,Jakarta Pusat,True,True
5,11329837774,Lenovo ThinkPad T590 Touch | Core i7-8665U | Intel UHD Graphics |Mulus,3989,komputer-laptop/laptop/laptop-2-in-1,297,Komputer & Laptop,0,0,,Rp4.900.000,0,,https://www.tokopedia.com/fortunelaptop/lenovo-thinkpad-t590-touch-core-i7-8665u-intel-uhd-graphics-mulus-8gb-256gb-1f7af?extParam=ivf%3Dfalse%26src%3Dsearch&refined=true,8032369,Fortune Laptop,https://www.tokopedia.com/fortunelaptop,Jakarta Pusat,False,True
6,7625015901,"Lenovo S145, AMD A4 - 9125, UHd Graphics 610, Ram 4/500Gb, Lengkap",3982,komputer-laptop/laptop/laptop-consumer,297,Komputer & Laptop,1,0,,Rp2.300.000,5,5.0,https://www.tokopedia.com/drcomkomputer/lenovo-s145-amd-a4-9125-uhd-graphics-610-ram-4-500gb-lengkap?extParam=ivf%3Dfalse%26src%3Dsearch&refined=true,10245178,dr.com komputer,https://www.tokopedia.com/drcomkomputer,Jakarta Barat,False,True
7,10490201643,PC OFFICE ADMIN Intel Gen 10 Core i5-10400 | SSD | Intel UHD Graphic,3850,komputer-laptop/desktop-mini-pc/mini-pc,297,Komputer & Laptop,5,27,Rp7.150.000,Rp5.199.000,5,5.0,https://www.tokopedia.com/onelinegamepc/pc-office-admin-intel-gen-10-core-i5-10400-ssd-intel-uhd-graphic-4gb-ddr4-128gb-ssd?extParam=ivf%3Dfalse%26src%3Dsearch&refined=true,1782631,OneLine Game PC,https://www.tokopedia.com/onelinegamepc,Jakarta Timur,True,True
8,1873901307,LENOVO IDEAPAD FLEX 3I 11IGL05 N4020 4GB 256GB SSD INTEL UHD GRAPHICS,3989,komputer-laptop/laptop/laptop-2-in-1,297,Komputer & Laptop,4,0,,Rp5.199.000,5,5.0,https://www.tokopedia.com/infonetmanggadua/lenovo-ideapad-flex-3i-11igl05-n4020-4gb-256gb-ssd-intel-uhd-graphics-platinum-grey?extParam=ivf%3Dfalse%26src%3Dsearch&refined=true,412517,INFONET Mangga Dua,https://www.tokopedia.com/infonetmanggadua,Jakarta Pusat,False,True
9,10490414602,PC OFFICE ADMIN Intel Gen 10 Core i7-10700 | SSD | Intel UHD Graphic,3850,komputer-laptop/desktop-mini-pc/mini-pc,297,Komputer & Laptop,2,29,Rp11.200.000,Rp7.899.000,5,5.0,https://www.tokopedia.com/onelinegamepc/pc-office-admin-intel-gen-10-core-i7-10700-ssd-intel-uhd-graphic-4gb-ddr4-128gb-ssd?extParam=ivf%3Dfalse%26src%3Dsearch&refined=true,1782631,OneLine Game PC,https://www.tokopedia.com/onelinegamepc,Jakarta Timur,True,True
10,6921398664,Lenovo Ideapad 1 8RID Intel N4020 4GB SSD 256GB UHD Graphics 600,3982,komputer-laptop/laptop/laptop-consumer,297,Komputer & Laptop,0,0,,Rp3.348.500,0,,https://www.tokopedia.com/tobasarinah/lenovo-ideapad-1-8rid-intel-n4020-4gb-ssd-256gb-uhd-graphics-600?extParam=ivf%3Dfalse%26src%3Dsearch&refined=true,4951216,TOBA SARINAH,https://www.tokopedia.com/tobasarinah,Malang,False,True
11,11661921714,"MSI Modern 14 C11M i3-1115G4 8GB 512GB UHD Graphics 14"" FHD IPS W11",3982,komputer-laptop/laptop/laptop-consumer,297,Komputer & Laptop,0,0,,Rp5.649.000,0,,https://www.tokopedia.com/starcomporigin/msi-modern-14-c11m-i3-1115g4-8gb-512gb-uhd-graphics-14-fhd-ips-w11-244id-a01fa?extParam=ivf%3Dfalse%26src%3Dsearch&refined=true,118490,StarComp,https://www.tokopedia.com/starcomporigin,Kab. Sleman,True,True
12,10490111413,PC OFFICE ADMIN Intel Gen 10 Core i3-10100 | SSD | Intel UHD Graphic,3852,komputer-laptop/desktop-mini-pc/komputer-rakitan,297,Komputer & Laptop,7,35,Rp6.700.000,Rp4.349.000,5,5.0,https://www.tokopedia.com/onelinegamepc/pc-office-admin-intel-gen-10-core-i3-10100-ssd-intel-uhd-graphic-4gb-ddr4-128gb-ssd?extParam=ivf%3Dfalse%26src%3Dsearch&refined=true,1782631,OneLine Game PC,https://www.tokopedia.com/onelinegamepc,Jakarta Timur,True,True
13,7291406199,"Asus VivoBook E410M, Celeron - N4020, UHD Graphics 600, Ram 4Gb/128Gb",3982,komputer-laptop/laptop/laptop-consumer,297,Komputer & Laptop,0,0,,Rp3.200.000,0,,https://www.tokopedia.com/drcomkomputer/asus-vivobook-e410m-celeron-n4020-uhd-graphics-600-ram-4gb-128gb?extParam=ivf%3Dfalse%26src%3Dsearch&refined=true,10245178,dr.com komputer,https://www.tokopedia.com/drcomkomputer,Jakarta Barat,False,True
14,8010048614,HP Laptop15s-fq2705 Core i3/4 GB Intel® UHD Graphics SSD 512GB,3986,komputer-laptop/laptop/notebook,297,Komputer & Laptop,0,24,Rp8.399.000,Rp6.399.000,0,,https://www.tokopedia.com/esionline/hp-laptop15s-fq2705-core-i3-4-gb-intel-uhd-graphics-ssd-512gb?extParam=ivf%3Dfalse%26src%3Dsearch&refined=true,8565419,Era Supplies Indonesia,https://www.tokopedia.com/esionline,Jakarta Utara,True,True
15,11470040144,MSI Modern 14 C11M 243|i3-1115G4|8GB|512GB|intel UHD Graphics|W11+OHS,3982,komputer-laptop/laptop/laptop-consumer,297,Komputer & Laptop,0,10,Rp6.999.000,Rp6.275.000,0,,https://www.tokopedia.com/smartmediacom/msi-modern-14-c11m-243-i3-1115g4-8gb-512gb-intel-uhd-graphics-w11-ohs?extParam=ivf%3Dfalse%26src%3Dsearch&refined=true,2404008,Smart Media Computer,https://www.tokopedia.com/smartmediacom,Makassar,False,True
16,7581623762,HP 14S-CF2046TU/CELERON N4000/RAM 4GB/HDD 1TB/INTEL UHD GRAPHICS 620,3982,komputer-laptop/laptop/laptop-consumer,297,Komputer & Laptop,0,0,,Rp2.400.000,0,,https://www.tokopedia.com/familycomputer51/hp-14s-cf2046tu-celeron-n4000-ram-4gb-hdd-1tb-intel-uhd-graphics-620?extParam=ivf%3Dfalse%26src%3Dsearch&refined=true,928659,Family Computer Medan,https://www.tokopedia.com/familycomputer51,Medan,False,True
17,9915278631,"Laptop MSI Modern 14 C12M 473 i3 1215U 8GB 512GB UHD Graphics 14"" FHD",3982,komputer-laptop/laptop/laptop-consumer,297,Komputer & Laptop,0,0,,Rp7.299.000,0,,https://www.tokopedia.com/bssutamimlg/laptop-msi-modern-14-c12m-473-i3-1215u-8gb-512gb-uhd-graphics-14-fhd-no-screen-guard-cc927?extParam=ivf%3Dfalse%26src%3Dsearch&refined=true,2363533,BRANDED IT STORE MALANG,https://www.tokopedia.com/bssutamimlg,Malang,False,True
18,5977714642,ACER TRAVELMATE P214 (14”/i3-1115G4/8GB/512G/intel UHD Graphics/WIN11),3986,komputer-laptop/laptop/notebook,297,Komputer & Laptop,3,0,,Rp9.950.000,5,5.0,https://www.tokopedia.com/expressindo/acer-travelmate-p214-14-i3-1115g4-8gb-512g-intel-uhd-graphics-win11?extParam=ivf%3Dfalse%26src%3Dsearch&refined=true,2020594,Expressindo Store,https://www.tokopedia.com/expressindo,Jakarta Pusat,False,True
19,9953584229,"MSI Modern 14 C12M 473 i3-1215U 8GB 512GB UHD Graphics 14"" FHD IPS W11",3982,komputer-laptop/laptop/laptop-consumer,297,Komputer & Laptop,0,0,,Rp6.770.000,0,,https://www.tokopedia.com/nusajayastore/msi-modern-14-c12m-473-i3-1215u-8gb-512gb-uhd-graphics-14-fhd-ips-w11?extParam=ivf%3Dfalse%26src%3Dsearch&refined=true,2544704,Nusajaya Store,https://www.tokopedia.com/nusajayastore,Surabaya,False,True
20,2081597680,HP Chrombook 11 G8 Ram 4GB /32GB Intel UHD Graphics Garansi Resmi,3850,komputer-laptop/desktop-mini-pc/mini-pc,297,Komputer & Laptop,0,0,,Rp1.999.000,0,,https://www.tokopedia.com/eddye1892/hp-chrombook-11-g8-ram-4gb-32gb-intel-uhd-graphics-garansi-resmi?extParam=ivf%3Dfalse%26src%3Dsearch&refined=true,288204,DANAN JAYA ELEKTRONIK,https://www.tokopedia.com/eddye1892,Kab. Serang,False,True
21,11635270607,Laptop Hp Core I3 Gen12 Ram 16Gb 512Gb Ssd Uhd Graphics Ips Win11 Home,3982,komputer-laptop/laptop/laptop-consumer,297,Komputer & Laptop,7,0,,Rp6.099.000,5,5.0,https://www.tokopedia.com/chanelsultan/laptop-hp-core-i3-gen12-ram-16gb-512gb-ssd-uhd-graphics-ips-win11-home-3-bulan-8gb-512gb-ssd-1ff87?extParam=ivf%3Dfalse%26src%3Dsearch&refined=true,14319670,Chanel Sultan,https://www.tokopedia.com/chanelsultan,Tangerang,False,True
22,3707589593,"Laptop Lenovo S145, AMD A9-9425, UHd Graphics 610, Ram 4/1Tb, Lengkap",3982,komputer-laptop/laptop/laptop-consumer,297,Komputer & Laptop,0,0,,Rp2.650.000,0,,https://www.tokopedia.com/drcomkomputer/laptop-lenovo-s145-amd-a9-9425-uhd-graphics-610-ram-4-1tb-lengkap?extParam=ivf%3Dfalse%26src%3Dsearch&refined=true,10245178,dr.com komputer,https://www.tokopedia.com/drcomkomputer,Jakarta Barat,False,True
23,6796147167,"MSI MODERN 14 C11M i3-1115G4 8GB 256SSD INTEL UHD GRAPHICS 14"" FHD W11",3982,komputer-laptop/laptop/laptop-consumer,297,Komputer & Laptop,0,0,,Rp5.580.000,0,,https://www.tokopedia.com/trustitstore/msi-modern-14-c11m-i3-1115g4-8gb-256ssd-intel-uhd-graphics-14-fhd-w11?extParam=ivf%3Dfalse%26src%3Dsearch&refined=true,6367429,Trust IT Store,https://www.tokopedia.com/trustitstore,Jakarta Pusat,True,True
24,2324575965,PC Rakitan Core i9 12900 | UHD Graphics 750 | 16GB | NVMe 256GB,3852,komputer-laptop/desktop-mini-pc/komputer-rakitan,297,Komputer & Laptop,2,0,,Rp13.030.000,5,5.0,https://www.tokopedia.com/nenetcomputer/pc-rakitan-core-i9-12900-uhd-graphics-750-16gb-nvme-256gb?extParam=ivf%3Dfalse%26src%3Dsearch&refined=true,2716065,NENET COMPUTER,https://www.tokopedia.com/nenetcomputer,Bandung,False,True
25,11244367355,HUAWEI MATEBOOK 14 I3 1011 U RAM 8 SSD 256 UHD GRAPHIC W 10 SECOND,3984,komputer-laptop/laptop/ultrabook,297,Komputer & Laptop,0,0,,Rp4.950.000,0,,https://www.tokopedia.com/jjstoreofficiall/huawei-matebook-14-i3-1011-u-ram-8-ssd-256-uhd-graphic-w-10-second?extParam=ivf%3Dfalse%26src%3Dsearch&refined=true,11651160,JJstore Officiall,https://www.tokopedia.com/jjstoreofficiall,Jakarta Barat,False,True
26,7540162279,"Asus VivoBook X441MA, Celeron - N4000, UHD Graphics 600, Ram 4G/1Tb",3982,komputer-laptop/laptop/laptop-consumer,297,Komputer & Laptop,1,0,,Rp2.100.000,5,5.0,https://www.tokopedia.com/drcomkomputer/asus-vivobook-x441ma-celeron-n4000-uhd-graphics-600-ram-4g-1tb?extParam=ivf%3Dfalse%26src%3Dsearch&refined=true,10245178,dr.com komputer,https://www.tokopedia.com/drcomkomputer,Jakarta Barat,False,True
27,11725417637,"Laptop Baru HP 14 intel N5030 8gb 512gb SSD 14"" UHD Graphics Win11",3982,komputer-laptop/laptop/laptop-consumer,297,Komputer & Laptop,0,0,,Rp3.574.000,0,,https://www.tokopedia.com/kliknkliktangcity/laptop-baru-hp-14-intel-n5030-8gb-512gb-ssd-14-uhd-graphics-win11-4gb-128gb-black-3bln-1ab3f?extParam=ivf%3Dfalse%26src%3Dsearch&refined=true,3922760,kliknklik tangcity dua,https://www.tokopedia.com/kliknkliktangcity,Tangerang,False,True
28,10566688318,laptop huawei i5 10210u ram 8 ssd 512 uhd Graphics,3984,komputer-laptop/laptop/ultrabook,297,Komputer & Laptop,0,0,,Rp5.300.000,0,,https://www.tokopedia.com/king-gadget-id/laptop-huawei-i5-10210u-ram-8-ssd-512-uhd-graphics?extParam=ivf%3Dfalse%26src%3Dsearch&refined=true,8877009,KING GADGET ID,https://www.tokopedia.com/king-gadget-id,Jakarta Barat,False,True
29,11788032240,"MSI Modern 14 C11M i3-1115G4 UHD Graphics 14"" FHD IPS-Level Thin Bezel",3982,komputer-laptop/laptop/laptop-consumer,297,Komputer & Laptop,0,0,,Rp5.995.000,0,,https://www.tokopedia.com/sj-com/msi-modern-14-c11m-i3-1115g4-uhd-graphics-14-fhd-ips-level-thin-bezel-256-gb-a8113?extParam=ivf%3Dfalse%26src%3Dsearch&refined=true,5440635,Semesta Jaya Computer,https://www.tokopedia.com/sj-com,Kab. Sleman,True,True
30,11714313661,"MSI Modern 14 C12M i3-1215U 8G UHD Graphics 14"" FHD 60Hz IPS-Level W11",3982,komputer-laptop/laptop/laptop-consumer,297,Komputer & Laptop,0,0,,Rp6.049.000,0,,https://www.tokopedia.com/paradise-ambas/msi-modern-14-c12m-i3-1215u-8g-uhd-graphics-14-fhd-60hz-ips-level-w11?extParam=ivf%3Dfalse%26src%3Dsearch&refined=true,8347373,Paradise Store Ambasador,https://www.tokopedia.com/paradise-ambas,Jakarta Selatan,False,True
31,12200377397,Lenovo IP1 8CID Celeron® N4020 8GB 512GB UHD Graphics 600,3986,komputer-laptop/laptop/notebook,297,Komputer & Laptop,0,7,Rp4.550.000,Rp4.252.000,0,,https://www.tokopedia.com/lenovojatim/lenovo-ip1-8cid-celeron-n4020-8gb-512gb-uhd-graphics-600?extParam=ivf%3Dfalse%26src%3Dsearch&refined=true,14148612,Lenovo Jatim,https://www.tokopedia.com/lenovojatim,Surabaya,True,True
32,11742126483,huawei matebook d14 NBD WDI9 i3 1115G4 ram 8 SSD 256 UHD graphic w11,3984,komputer-laptop/laptop/ultrabook,297,Komputer & Laptop,0,0,,Rp4.900.000,0,,https://www.tokopedia.com/jjstoreofficiall/huawei-matebook-d14-nbd-wdi9-i3-1115g4-ram-8-ssd-256-uhd-graphic-w11?extParam=ivf%3Dfalse%26src%3Dsearch&refined=true,11651160,JJstore Officiall,https://www.tokopedia.com/jjstoreofficiall,Jakarta Barat,False,True
33,6866711991,ACER TRAVELMATE P214 (14”/I3-1115G4/8GB/512G/intel UHD Graphics/WIN11),3986,komputer-laptop/laptop/notebook,297,Komputer & Laptop,1,0,,Rp9.950.000,5,5.0,https://www.tokopedia.com/bscstore/acer-travelmate-p214-14-i3-1115g4-8gb-512g-intel-uhd-graphics-win11?extParam=ivf%3Dfalse%26src%3Dsearch&refined=true,11771639,BSC (Best Seller Computer),https://www.tokopedia.com/bscstore,Jakarta Pusat,False,True
34,5207390383,Paket Intel GEN10 Core i5 10400 VGA Intel UHD Graphic 630,3852,komputer-laptop/desktop-mini-pc/komputer-rakitan,297,Komputer & Laptop,0,0,,Rp3.500.000,0,,https://www.tokopedia.com/idekomputer/paket-intel-gen10-core-i5-10400-vga-intel-uhd-graphic-630?extParam=ivf%3Dfalse%26src%3Dsearch&refined=true,581655,ide komputer,https://www.tokopedia.com/idekomputer,Malang,False,True
35,8727186150,Laptop Hp 14 Intel I3 1215u 16gb 1tb UHD Graphic 14 FHD Win11 Original,3982,komputer-laptop/laptop/laptop-consumer,297,Komputer & Laptop,1,0,,Rp5.999.000,5,5.0,https://www.tokopedia.com/smartshopcom/laptop-hp-14-intel-i3-1215u-16gb-1tb-uhd-graphic-14-fhd-win11-original-8gb-512gb-ssd-display-3-bulan-52cec?extParam=ivf%3Dfalse%26src%3Dsearch&refined=true,13473735,Smart Shop Computer,https://www.tokopedia.com/smartshopcom,Jakarta Selatan,False,True
36,10020206685,Processor CPU Intel Core i3-4160 TRAY + FAN LGA1150 Intel UHD Graphic,3941,komputer-laptop/komponen-komputer/cpu-processor,297,Komputer & Laptop,2,0,,Rp165.000,5,5.0,https://www.tokopedia.com/uvcomputer/processor-cpu-intel-core-i3-4160-tray-fan-lga1150-intel-uhd-graphic?extParam=ivf%3Dfalse%26src%3Dsearch&refined=true,3333192,UV Computer,https://www.tokopedia.com/uvcomputer,Medan,False,True
37,11677018855,"MSI Modern 14 C12M i3-1215U 8G UHD Graphics 14"" FHD 60Hz IPS-Level W11",3982,komputer-laptop/laptop/laptop-consumer,297,Komputer & Laptop,0,0,,Rp6.499.000,0,,https://www.tokopedia.com/starcompsmrg/msi-modern-14-c12m-i3-1215u-8g-uhd-graphics-14-fhd-60hz-ips-level-w11-black-256gb-e6622?extParam=ivf%3Dfalse%26src%3Dsearch&refined=true,11584432,Starcomp Store Semarang,https://www.tokopedia.com/starcompsmrg,Semarang,False,True
38,6976731064,ASUS A509F Intel Core i3-10110U RAM 4GB SSD 256GB Intel UHD Graphics,3982,komputer-laptop/laptop/laptop-consumer,297,Komputer & Laptop,0,0,,Rp4.950.000,0,,https://www.tokopedia.com/umscomputer/asus-a509f-intel-core-i3-10110u-ram-4gb-ssd-256gb-intel-uhd-graphics?extParam=ivf%3Dfalse%26src%3Dsearch&refined=true,3024037,UMS Computer Solo,https://www.tokopedia.com/umscomputer,Kab. Sukoharjo,False,False
39,7629532017,"Laptop MSI Modern 14 C11M i3-1115G4 UHD Graphics 14"" FHD IPS",3982,komputer-laptop/laptop/laptop-consumer,297,Komputer & Laptop,0,14,Rp7.536.540,Rp6.499.000,0,,https://www.tokopedia.com/majuhardware/laptop-msi-modern-14-c11m-i3-1115g4-uhd-graphics-14-fhd-ips?extParam=ivf%3Dfalse%26src%3Dsearch&refined=true,10448173,Maju Hardware,https://www.tokopedia.com/majuhardware,Madiun,True,True
40,9036377996,"Asus br1100cka, Celeron-N4500, Intel UHD Graphics, Ram 4/128G, Black",3989,komputer-laptop/laptop/laptop-2-in-1,297,Komputer & Laptop,1,0,,Rp2.200.000,5,5.0,https://www.tokopedia.com/drcomkomputer/asus-br1100cka-celeron-n4500-intel-uhd-graphics-ram-4-128g-black?extParam=ivf%3Dfalse%26src%3Dsearch&refined=true,10245178,dr.com komputer,https://www.tokopedia.com/drcomkomputer,Jakarta Barat,False,True
41,9525622830,"HP 240 G9 Intel Pentium N6000 8GB 256GB SSD UHD Graphics 14"" W11 OHS",3982,komputer-laptop/laptop/laptop-consumer,297,Komputer & Laptop,0,0,,Rp4.875.000,0,,https://www.tokopedia.com/starcomporigin/hp-240-g9-intel-pentium-n6000-8gb-256gb-ssd-uhd-graphics-14-w11-ohs-4gb-0932a?extParam=ivf%3Dfalse%26src%3Dsearch&refined=true,118490,StarComp,https://www.tokopedia.com/starcomporigin,Kab. Sleman,True,True
42,11292143033,Huawei Matebook D14 i3 10110u Ram 8 Ssd 256 Uhd Graphics,3984,komputer-laptop/laptop/ultrabook,297,Komputer & Laptop,0,0,,Rp4.950.000,0,,https://www.tokopedia.com/king-gadget-id/huawei-matebook-d14-i3-10110u-ram-8-ssd-256-uhd-graphics?extParam=ivf%3Dfalse%26src%3Dsearch&refined=true,8877009,KING GADGET ID,https://www.tokopedia.com/king-gadget-id,Jakarta Barat,False,True
43,2358632255,PC Rakitan Core i9 11900 | UHD Graphics 750 | 16GB | NVMe 512GB,3852,komputer-laptop/desktop-mini-pc/komputer-rakitan,297,Komputer & Laptop,1,0,,Rp12.455.000,5,5.0,https://www.tokopedia.com/nenetcomputer/pc-rakitan-core-i9-11900-uhd-graphics-750-16gb-nvme-512gb?extParam=ivf%3Dfalse%26src%3Dsearch&refined=true,2716065,NENET COMPUTER,https://www.tokopedia.com/nenetcomputer,Bandung,False,True
44,12058490247,Acer Aspire A315 Core™ i3 1115G4 UHD Graphic W11 15.6 FHD,3982,komputer-laptop/laptop/laptop-consumer,297,Komputer & Laptop,1,39,Rp8.899.000,Rp5.399.000,5,5.0,https://www.tokopedia.com/kanglaptop/acer-aspire-a315-core-i3-1115g4-uhd-graphic-w11-15-6-fhd-standar-2356e?extParam=ivf%3Dfalse%26src%3Dsearch&refined=true,2610284,Kang Laptop,https://www.tokopedia.com/kanglaptop,Jakarta Selatan,False,True
45,2532373558,"Lenovo Ideapad V14 Celeron N4020 4GB 256SSD UHD GRAPHICS 14"" DOS GREY",3982,komputer-laptop/laptop/laptop-consumer,297,Komputer & Laptop,2,0,,Rp3.900.000,5,5.0,https://www.tokopedia.com/ujc1988/lenovo-ideapad-v14-celeron-n4020-4gb-256ssd-uhd-graphics-14-dos-grey?extParam=ivf%3Dfalse%26src%3Dsearch&refined=true,1880172,Utama Jaya Kom Medan,https://www.tokopedia.com/ujc1988,Medan,False,True
46,12169489522,Pc gaming ddr5 i7 14700K I 32Gb I 256Gb I 1tb I ntel UHD Graphics 770,4009,komputer-laptop/pc-laptop-gaming/pc-gaming,297,Komputer & Laptop,0,0,,Rp12.500.000,0,,https://www.tokopedia.com/birrulgamingpc08/pc-gaming-ddr5-i7-14700k-i-32gb-i-256gb-i-1tb-i-ntel-uhd-graphics-770-16-gb-nvme-256gb-1b5f8?extParam=ivf%3Dfalse%26src%3Dsearch&refined=true,5424411,Birrul Gaming Pc 08,https://www.tokopedia.com/birrulgamingpc08,Bandung,False,True
47,3849397436,Paket Intel Core i5 10400 Intel UHD Graphics MOBO RAM SSD NVMe,3941,komputer-laptop/komponen-komputer/cpu-processor,297,Komputer & Laptop,0,0,,Rp4.350.000,0,,https://www.tokopedia.com/idekomputer/paket-intel-core-i5-10400-intel-uhd-graphics-mobo-ram-ssd-nvme?extParam=ivf%3Dfalse%26src%3Dsearch&refined=true,581655,ide komputer,https://www.tokopedia.com/idekomputer,Malang,False,True
48,9702346765,"ASUS A416MAO-FHD425/N4020/4/256/Intel® UHD Graphics 600/14"" FHD 60H",3982,komputer-laptop/laptop/laptop-consumer,297,Komputer & Laptop,0,0,,Rp4.800.000,0,,https://www.tokopedia.com/fulusocom/asus-a416mao-fhd425-n4020-4-256-intel-uhd-graphics-600-14-fhd-60h?extParam=ivf%3Dfalse%26src%3Dsearch&refined=true,8585417,fulusocomputer,https://www.tokopedia.com/fulusocom,Balikpapan,False,True
49,9215307188,"Laptop LENOVO V14 - Pentium N5030 4GB 256GB UHD Graphics 14"" W10 OHS",3982,komputer-laptop/laptop/laptop-consumer,297,Komputer & Laptop,0,0,,Rp4.469.000,0,,https://www.tokopedia.com/starcompsmrg/laptop-lenovo-v14-pentium-n5030-4gb-256gb-uhd-graphics-14-w10-ohs?extParam=ivf%3Dfalse%26src%3Dsearch&refined=true,11584432,Starcomp Store Semarang,https://www.tokopedia.com/starcompsmrg,Semarang,False,True
50,11496589785,laptop lenovo x280 i5 gen8/ram 8gb ddr4/ssd 256/intel uhd graphic 620,3982,komputer-laptop/laptop/laptop-consumer,297,Komputer & Laptop,0,0,,Rp3.500.001,0,,https://www.tokopedia.com/blackitech/laptop-lenovo-x280-i5-gen8-ram-8gb-ddr4-ssd-256-intel-uhd-graphic-620?extParam=ivf%3Dfalse%26src%3Dsearch&refined=true,12040908,Black_Itech,https://www.tokopedia.com/blackitech,Bandung,False,True
51,8534468723,ASUS VIVOBOOK X415J/CORE I3-1115G4/RAM 4GB/SSD 256GB/INTEL UHD GRAPHIC,3982,komputer-laptop/laptop/laptop-consumer,297,Komputer & Laptop,0,0,,Rp5.200.000,0,,https://www.tokopedia.com/familycomputer51/asus-vivobook-x415j-core-i3-1115g4-ram-4gb-ssd-256gb-intel-uhd-graphic?extParam=ivf%3Dfalse%26src%3Dsearch&refined=true,928659,Family Computer Medan,https://www.tokopedia.com/familycomputer51,Medan,False,True
52,9214974667,"HP 240 G9 Intel Pentium N6000 4GB 256GB UHD Graphics 14"" W11 OHS",3982,komputer-laptop/laptop/laptop-consumer,297,Komputer & Laptop,0,0,,Rp4.869.000,0,,https://www.tokopedia.com/starcompsmrg/hp-240-g9-intel-pentium-n6000-4gb-256gb-uhd-graphics-14-w11-ohs?extParam=ivf%3Dfalse%26src%3Dsearch&refined=true,11584432,Starcomp Store Semarang,https://www.tokopedia.com/starcompsmrg,Semarang,False,True
53,2490540738,HP 14S-CF2517/18TU/INTEL CORE I3/INTEL UHD GRAPHIC/4GB/256GB,3986,komputer-laptop/laptop/notebook,297,Komputer & Laptop,0,0,,Rp6.300.000,0,,https://www.tokopedia.com/greencomputerbalikpapan/hp-14s-cf2517-18tu-intel-core-i3-intel-uhd-graphic-4gb-256gb?extParam=ivf%3Dfalse%26src%3Dsearch&refined=true,8328589,Green Computer Balikpapan,https://www.tokopedia.com/greencomputerbalikpapan,Balikpapan,False,True
54,2019088124,Asus E410MA VIPS452 N4020 4GB 512ssd UHD Graphic 600 W10+OHS 14.0FHD,3982,komputer-laptop/laptop/laptop-consumer,297,Komputer & Laptop,1,0,,Rp6.699.000,5,5.0,https://www.tokopedia.com/prostorecomputer/asus-e410ma-vips452-n4020-4gb-512ssd-uhd-graphic-600-w10-ohs-14-0fhd-putih?extParam=ivf%3Dfalse%26src%3Dsearch&refined=true,1724388,ProStoreComputer,https://www.tokopedia.com/prostorecomputer,Jakarta Utara,True,True
55,11870269884,PC Office Admin Intel Gen9 Core i3 9100 | SSD | Intel UHD Graphic,3850,komputer-laptop/desktop-mini-pc/mini-pc,297,Komputer & Laptop,1,0,,Rp4.039.000,5,5.0,https://www.tokopedia.com/onelinegamepc/pc-office-admin-intel-gen9-core-i3-9100-ssd-intel-uhd-graphic-8gb-ddr4-128gb-ssd-2bfc3?extParam=ivf%3Dfalse%26src%3Dsearch&refined=true,1782631,OneLine Game PC,https://www.tokopedia.com/onelinegamepc,Jakarta Timur,True,True
56,10951504833,"MSI Modern 14 C11M-245 i3-1115G4 UHD Graphics 14"" FHD IPS-Level",3982,komputer-laptop/laptop/laptop-consumer,297,Komputer & Laptop,1,0,,Rp6.550.000,5,5.0,https://www.tokopedia.com/msistoresulawesi/msi-modern-14-c11m-245-i3-1115g4-uhd-graphics-14-fhd-ips-level?extParam=ivf%3Dfalse%26src%3Dsearch&refined=true,12802996,MSI STORE SULAWESI,https://www.tokopedia.com/msistoresulawesi,Makassar,False,True
57,2287014767,"LENOVO IP3 - 14IGL05, N5030, 8GB/SSD 512GB, UHD Graphics, 14"" FHD, W10",3989,komputer-laptop/laptop/laptop-2-in-1,297,Komputer & Laptop,0,0,,Rp7.599.000,0,,https://www.tokopedia.com/alibabastoreid/lenovo-ip3-14igl05-n5030-8gb-ssd-512gb-uhd-graphics-14-fhd-w10?extParam=ivf%3Dfalse%26src%3Dsearch&refined=true,5070779,alibabastore.id,https://www.tokopedia.com/alibabastoreid,Malang,True,True
58,2692093991,Intel GEN10 Core i5 10400 Intel UHD Graphics 630,3941,komputer-laptop/komponen-komputer/cpu-processor,297,Komputer & Laptop,0,0,,Rp2.300.000,0,,https://www.tokopedia.com/idekomputer/intel-gen10-core-i5-10400-intel-uhd-graphics-630?extParam=ivf%3Dfalse%26src%3Dsearch&refined=true,581655,ide komputer,https://www.tokopedia.com/idekomputer,Malang,False,True
59,11012971914,"MSI Modern 14 C11M i3-1115G4 UHD Graphics 14"" FHD IPS-Level Thin Bezel",3982,komputer-laptop/laptop/laptop-consumer,297,Komputer & Laptop,1,0,,Rp6.956.000,5,5.0,https://www.tokopedia.com/suryaabadicomputersby/msi-modern-14-c11m-i3-1115g4-uhd-graphics-14-fhd-ips-level-thin-bezel?extParam=ivf%3Dfalse%26src%3Dsearch&refined=true,6913338,SURYA ABADI COMPUTER SBY,https://www.tokopedia.com/suryaabadicomputersby,Surabaya,False,True
60,8307645547,Pc Gaming DDR4 I i7 13700 I 16Gb I 256Gb I UHD Graphics 770,4009,komputer-laptop/pc-laptop-gaming/pc-gaming,297,Komputer & Laptop,0,0,,Rp10.350.000,0,,https://www.tokopedia.com/birrulgamingpc08/pc-gaming-ddr4-i-i7-13700-i-16gb-i-256gb-i-uhd-graphics-770?extParam=ivf%3Dfalse%26src%3Dsearch&refined=true,5424411,Birrul Gaming Pc 08,https://www.tokopedia.com/birrulgamingpc08,Bandung,False,True
61,11291970567,ASUS VIVOBOOK 14 A1405ZA-VIPS351 CI3 8/512 UHD Graphics WIN11/OHS2021,3982,komputer-laptop/laptop/laptop-consumer,297,Komputer & Laptop,0,0,,Rp7.359.000,0,,https://www.tokopedia.com/reinokomputindo/asus-vivobook-14-a1405za-vips351-ci3-8-512-uhd-graphics-win11-ohs2021?extParam=ivf%3Dfalse%26src%3Dsearch&refined=true,2812130,ReinoKomputindo,https://www.tokopedia.com/reinokomputindo,Medan,False,True
62,4168668755,Asus VivoBook P1401M/ Celeron-N4000/ UHD Graphics 600/ Ram 4G/1Tb,3982,komputer-laptop/laptop/laptop-consumer,297,Komputer & Laptop,2,0,,Rp2.450.000,5,5.0,https://www.tokopedia.com/drcomkomputer/asus-vivobook-p1401m-celeron-n4000-uhd-graphics-600-ram-4g-1tb?extParam=ivf%3Dfalse%26src%3Dsearch&refined=true,10245178,dr.com komputer,https://www.tokopedia.com/drcomkomputer,Jakarta Barat,False,True
63,9055211445,HP 14s DQ3109TU N4500 8GB 256 SSD uhd graphics windows 11,3982,komputer-laptop/laptop/laptop-consumer,297,Komputer & Laptop,0,0,,Rp4.549.000,0,,https://www.tokopedia.com/laptopgrosirid/hp-14s-dq3109tu-n4500-8gb-256-ssd-uhd-graphics-windows-11-unit?extParam=ivf%3Dtrue%26src%3Dsearch&refined=true,2387008,LAPTOP GROSIR ID,https://www.tokopedia.com/laptopgrosirid,Jakarta Selatan,True,True
64,11350916691,THINKPAD E14-20RA CORE i5-10210U RAM 16GB SSD 512GB INTEL UHD GRAPHICS,3984,komputer-laptop/laptop/ultrabook,297,Komputer & Laptop,0,0,,Rp7.500.000,0,,https://www.tokopedia.com/brahmastacomp/thinkpad-e14-20ra-core-i5-10210u-ram-16gb-ssd-512gb-intel-uhd-graphics?extParam=ivf%3Dfalse%26src%3Dsearch&refined=true,8422763,Brahmasta comp,https://www.tokopedia.com/brahmastacomp,Surabaya,False,True
65,12161417325,Pc gaming ddr5  i5 14600K I 32Gb I 256Gb I  1tb I Intel UHD Graphics 7,4009,komputer-laptop/pc-laptop-gaming/pc-gaming,297,Komputer & Laptop,0,0,,Rp10.800.000,0,,https://www.tokopedia.com/birrulgamingpc08/pc-gaming-ddr5-i5-14600k-i-32gb-i-256gb-i-1tb-i-intel-uhd-graphics-7-16-gb-nvme-256gb-9eaaa?extParam=ivf%3Dfalse%26src%3Dsearch&refined=true,5424411,Birrul Gaming Pc 08,https://www.tokopedia.com/birrulgamingpc08,Bandung,False,True
66,2107052849,REALME BOOK I5 8+512 /512 GB NVMe SSD/i5-1135G7/Intel® UHD Graphics,3982,komputer-laptop/laptop/laptop-consumer,297,Komputer & Laptop,0,0,,Rp12.990.000,0,,https://www.tokopedia.com/digitalpediamarket/realme-book-i5-8-512-512-gb-nvme-ssd-i5-1135g7-intel-uhd-graphics?extParam=ivf%3Dfalse%26src%3Dsearch&refined=true,12163270,Digitalpedia Market,https://www.tokopedia.com/digitalpediamarket,Jakarta Pusat,False,True
67,10563923084,HUAWEI INTEL CORE I5 10210U RAM 8 SSD 512 UHD GRAPHIC W 11 second,3984,komputer-laptop/laptop/ultrabook,297,Komputer & Laptop,0,0,,Rp5.300.000,0,,https://www.tokopedia.com/jjstoreofficiall/huawei-intel-core-i5-10210u-ram-8-ssd-512-uhd-graphic-w-11-second?extParam=ivf%3Dfalse%26src%3Dsearch&refined=true,11651160,JJstore Officiall,https://www.tokopedia.com/jjstoreofficiall,Jakarta Barat,False,True
68,2751156209,"Asus VivoBook E410M, Celeron - N4020, UHD Graphics 600, Ram 4Gb, Mulus",3982,komputer-laptop/laptop/laptop-consumer,297,Komputer & Laptop,0,0,,Rp3.600.000,0,,https://www.tokopedia.com/verrycomputer/asus-vivobook-e410m-celeron-n4020-uhd-graphics-600-ram-4gb-mulus?extParam=ivf%3Dfalse%26src%3Dsearch&refined=true,1187914,V-COMPUTER,https://www.tokopedia.com/verrycomputer,Jakarta Barat,False,True
69,11806301457,HP AiO 22-dd2032d i3-1215U 8GB 512GB Intel UHD Graphics W11Home+OHS 1Y,3854,komputer-laptop/desktop-mini-pc/desktop-all-in-one,297,Komputer & Laptop,0,0,,Rp8.600.000,0,,https://www.tokopedia.com/tigadimensidata/hp-aio-22-dd2032d-i3-1215u-8gb-512gb-intel-uhd-graphics-w11home-ohs-1y-packing-biasa-white-7cf43?extParam=ivf%3Dfalse%26src%3Dsearch&refined=true,12043266,3DD - HP Authorized,https://www.tokopedia.com/tigadimensidata,Jakarta Pusat,True,True
70,11881130106,LAPTOP SLIM ASUS VIVOBOOK X513EAN OLED I3-1115G4 INTEL UHD GRAPHICS,3989,komputer-laptop/laptop/laptop-2-in-1,297,Komputer & Laptop,0,0,,Rp6.000.000,0,,https://www.tokopedia.com/planetlaptopbandung/laptop-slim-asus-vivobook-x513ean-oled-i3-1115g4-intel-uhd-graphics?extParam=ivf%3Dfalse%26src%3Dsearch&refined=true,8007125,Planet laptop bandung,https://www.tokopedia.com/planetlaptopbandung,Bandung,False,False
71,11767915574,Axioo Mybook 14F intel UHD Graphics 600 RAM 4 SSD 256 MURAH,3986,komputer-laptop/laptop/notebook,297,Komputer & Laptop,0,0,,Rp1.800.000,0,,https://www.tokopedia.com/ivallstore/axioo-mybook-14f-intel-uhd-graphics-600-ram-4-ssd-256-murah?extParam=ivf%3Dfalse%26src%3Dsearch&refined=true,16497825,Ivall store,https://www.tokopedia.com/ivallstore,Bandung,False,False
72,10678518064,Paket Intel Gen10 Core i3 10105 UHD Graphics 630 H410 8GB SSD,3852,komputer-laptop/desktop-mini-pc/komputer-rakitan,297,Komputer & Laptop,0,0,,Rp3.400.000,0,,https://www.tokopedia.com/idekomputer/paket-intel-gen10-core-i3-10105-uhd-graphics-630-h410-8gb-ssd-paket-i3-10105f-8294f?extParam=ivf%3Dfalse%26src%3Dsearch&refined=true,581655,ide komputer,https://www.tokopedia.com/idekomputer,Malang,False,True
73,11870321683,PC Office Admin Intel Gen9 Core i5 9400 | SSD | Intel UHD Graphic,3850,komputer-laptop/desktop-mini-pc/mini-pc,297,Komputer & Laptop,0,0,,Rp4.269.000,0,,https://www.tokopedia.com/onelinegamepc/pc-office-admin-intel-gen9-core-i5-9400-ssd-intel-uhd-graphic-8gb-ddr4-128gb-ssd-8505a?extParam=ivf%3Dfalse%26src%3Dsearch&refined=true,1782631,OneLine Game PC,https://www.tokopedia.com/onelinegamepc,Jakarta Timur,True,True
74,7480781071,INFINIX INBOOK X2 i3-1005G1 4GB/256GB Intel UHD Graphics W11 ORI,3984,komputer-laptop/laptop/ultrabook,297,Komputer & Laptop,1,0,,Rp5.110.000,5,5.0,https://www.tokopedia.com/mgcomp/infinix-inbook-x2-i3-1005g1-4gb-256gb-intel-uhd-graphics-w11-ori-blue?extParam=ivf%3Dfalse%26src%3Dsearch&refined=true,2064594,MG computer,https://www.tokopedia.com/mgcomp,Bandung,False,True
75,6903835573,Lenovo AIO3 8MID Core i5 10400T 8GB 1TB Intel UHD Graphics 630,3854,komputer-laptop/desktop-mini-pc/desktop-all-in-one,297,Komputer & Laptop,0,0,,Rp9.345.000,0,,https://www.tokopedia.com/lenovojatim/lenovo-aio3-8mid-core-i5-10400t-8gb-1tb-intel-uhd-graphics-630?extParam=ivf%3Dfalse%26src%3Dsearch&refined=true,14148612,Lenovo Jatim,https://www.tokopedia.com/lenovojatim,Surabaya,True,True
76,5769703696,LAPTOP ASUS K413 CORE I3-1115G4 UHD GRAPHICS RAM 8GB/SSD 512GB,3982,komputer-laptop/laptop/laptop-consumer,297,Komputer & Laptop,0,0,,Rp5.750.000,0,,https://www.tokopedia.com/pcompstore/laptop-asus-k413-core-i3-1115g4-uhd-graphics-ram-8gb-ssd-512gb?extParam=ivf%3Dfalse%26src%3Dsearch&refined=true,10077005,P COMP STORE,https://www.tokopedia.com/pcompstore,Bandung,False,False
77,10856807113,LAPTOP ASUS VIVOBOOK A509FA INTEL 4305U 8GB 512GB UHD GRAPHICS WIN11,3982,komputer-laptop/laptop/laptop-consumer,297,Komputer & Laptop,0,0,,Rp3.900.000,0,,https://www.tokopedia.com/kliknkliktangcity/laptop-asus-vivobook-a509fa-intel-4305u-8gb-512gb-uhd-graphics-win11-4gb-512gb-unit-bonus-4cf6e?extParam=ivf%3Dfalse%26src%3Dsearch&refined=true,3922760,kliknklik tangcity dua,https://www.tokopedia.com/kliknkliktangcity,Tangerang,False,True
78,11840392336,PC Office Admin Intel Gen 12 Core i3 12100 | SSD | Intel UHD Graphic,3850,komputer-laptop/desktop-mini-pc/mini-pc,297,Komputer & Laptop,1,0,,Rp4.899.000,5,5.0,https://www.tokopedia.com/onelinegamepc/pc-office-admin-intel-gen-12-core-i3-12100-ssd-intel-uhd-graphic-8gb-ddr4-128gb-ssd-38862?extParam=ivf%3Dfalse%26src%3Dsearch&refined=true,1782631,OneLine Game PC,https://www.tokopedia.com/onelinegamepc,Jakarta Timur,True,True
79,12196925297,"MSI Modern 14 C11M i3-1115G4 UHD Graphics 14"" FHD IPS-Level Thin Bezel",3986,komputer-laptop/laptop/notebook,297,Komputer & Laptop,0,21,Rp7.249.000,Rp5.699.000,0,,https://www.tokopedia.com/klakomputeryogyakarta/msi-modern-14-c11m-i3-1115g4-uhd-graphics-14-fhd-ips-level-thin-bezel-246id-silvr-256-32a78?extParam=ivf%3Dfalse%26src%3Dsearch&refined=true,15380604,KLA Komputer Yogyakarta,https://www.tokopedia.com/klakomputeryogyakarta,Kab. Sleman,False,True
80,7201283668,DELL Vostro 3401 core i3-10 ram 4 ssd 256 Intel UHD Graphics,3982,komputer-laptop/laptop/laptop-consumer,297,Komputer & Laptop,0,0,,Rp4.650.000,0,,https://www.tokopedia.com/stasiuncomputer/dell-vostro-3401-core-i3-10-ram-4-ssd-256-intel-uhd-graphics?extParam=ivf%3Dfalse%26src%3Dsearch&refined=true,897812,StasiunComputerTembalang,https://www.tokopedia.com/stasiuncomputer,Semarang,False,True
81,7394199541,"Asus A1405ZA-VIPS351 i3 1215U 512SSD 8GB UHD Graphics 14"" WUXGA VIPS",3986,komputer-laptop/laptop/notebook,297,Komputer & Laptop,0,0,,Rp7.275.000,0,,https://www.tokopedia.com/bssutamimlg/asus-a1405za-vips351-i3-1215u-512ssd-8gb-uhd-graphics-14-wuxga-vips-no-antivirus?extParam=ivf%3Dfalse%26src%3Dsearch&refined=true,2363533,BRANDED IT STORE MALANG,https://www.tokopedia.com/bssutamimlg,Malang,False,True
82,7550750079,"Laptop Lenovo S145, AMD A4 - 9125, UHd Graphics 610, Ram 4/500Gb",3982,komputer-laptop/laptop/laptop-consumer,297,Komputer & Laptop,0,0,,Rp2.450.000,0,,https://www.tokopedia.com/incom-2/laptop-lenovo-s145-amd-a4-9125-uhd-graphics-610-ram-4-500gb?extParam=ivf%3Dfalse%26src%3Dsearch&refined=true,8992617,(I. N) .com,https://www.tokopedia.com/incom-2,Jakarta Barat,False,True
83,1961503227,HP 14s CF2508TU Pentium 6405U 8GB 512 intel UHD Graphics 14 FHD W1O,3986,komputer-laptop/laptop/notebook,297,Komputer & Laptop,1,0,,Rp6.999.000,5,5.0,https://www.tokopedia.com/amptech/hp-14s-cf2508tu-pentium-6405u-8gb-512-intel-uhd-graphics-14-fhd-w1o?extParam=ivf%3Dfalse%26src%3Dsearch&refined=true,5637948,AMP TECH STORE,https://www.tokopedia.com/amptech,Jakarta Pusat,False,True
84,10282665652,Hp Pro c640 Chromebook Core i5 -10 RAM 8 MMC 128 Intel UHD Graphics,3982,komputer-laptop/laptop/laptop-consumer,297,Komputer & Laptop,0,0,,Rp5.000.000,0,,https://www.tokopedia.com/computer-shop-udin/hp-pro-c640-chromebook-core-i5-10-ram-8-mmc-128-intel-uhd-graphics?extParam=ivf%3Dfalse%26src%3Dsearch&refined=true,15900396,Computer Shop_Udin,https://www.tokopedia.com/computer-shop-udin,Semarang,False,False
85,10020483529,Processor CPU Intel Core i7-4790 TRAY + FAN LGA1150 Intel UHD Graphic,3941,komputer-laptop/komponen-komputer/cpu-processor,297,Komputer & Laptop,1,0,,Rp915.000,5,5.0,https://www.tokopedia.com/uvcomputer/processor-cpu-intel-core-i7-4790-tray-fan-lga1150-intel-uhd-graphic?extParam=ivf%3Dfalse%26src%3Dsearch&refined=true,3333192,UV Computer,https://www.tokopedia.com/uvcomputer,Medan,False,True
86,11550093239,RedmiBook 15 Core i3-11 RAM 8 GB SSD 256 GB  Intel UHD Graphics,3984,komputer-laptop/laptop/ultrabook,297,Komputer & Laptop,0,0,,Rp4.700.000,0,,https://www.tokopedia.com/stasiuncomputer/redmibook-15-core-i3-11-ram-8-gb-ssd-256-gb-intel-uhd-graphics?extParam=ivf%3Dfalse%26src%3Dsearch&refined=true,897812,StasiunComputerTembalang,https://www.tokopedia.com/stasiuncomputer,Semarang,False,True
87,9516521035,ASUS VIVOBOOK A416F/CORE I3-1005G1/RAM 4GB/SSD 256GB/INTEL UHD GRAPHIC,3982,komputer-laptop/laptop/laptop-consumer,297,Komputer & Laptop,0,0,,Rp4.700.000,0,,https://www.tokopedia.com/familycomputer51/asus-vivobook-a416f-core-i3-1005g1-ram-4gb-ssd-256gb-intel-uhd-graphic?extParam=ivf%3Dfalse%26src%3Dsearch&refined=true,928659,Family Computer Medan,https://www.tokopedia.com/familycomputer51,Medan,False,True
88,6516180571,"MSI Modern 14 C11M i3-1115G4 8GB 256GB INTEL UHD GRAPHICS 14"" FHD W11",3982,komputer-laptop/laptop/laptop-consumer,297,Komputer & Laptop,0,0,,Rp8.499.000,0,,https://www.tokopedia.com/elitenotebook/msi-modern-14-c11m-i3-1115g4-8gb-256gb-intel-uhd-graphics-14-fhd-w11?extParam=ivf%3Dfalse%26src%3Dsearch&refined=true,2910353,Elite Notebook,https://www.tokopedia.com/elitenotebook,Jakarta Pusat,True,True
89,7894574410,"MSI Modern 14 C11M i3-1115G4 UHD Graphics 14"" FHD IPS-Level Thin Bezel",4008,komputer-laptop/pc-laptop-gaming/laptop-gaming,297,Komputer & Laptop,0,0,,Rp5.799.000,0,,https://www.tokopedia.com/gateway/msi-modern-14-c11m-i3-1115g4-uhd-graphics-14-fhd-ips-level-thin-bezel-512gb-ssd-non-bundling?extParam=ivf%3Dfalse%26src%3Dsearch&refined=true,263785,Gateway Indonesia Comp,https://www.tokopedia.com/gateway,Jakarta Utara,True,True
90,6984329620,MSI MODERN 14 C11M - 005ID | I3-1115G4 | UHD GRAPHICS | CORE BLACK,3982,komputer-laptop/laptop/laptop-consumer,297,Komputer & Laptop,0,0,,Rp6.199.000,0,,https://www.tokopedia.com/pemmzyogya/msi-modern-14-c11m-005id-i3-1115g4-uhd-graphics-core-black?extParam=ivf%3Dfalse%26src%3Dsearch&refined=true,237066,PEMMZ YOGYA,https://www.tokopedia.com/pemmzyogya,Kab. Sleman,False,True
91,7894376013,ASUS VIVOBOOK A516M/CELERON N4020/RAM 4GB/SSD 256GB/INTEL UHD GRAPHICS,3982,komputer-laptop/laptop/laptop-consumer,297,Komputer & Laptop,0,0,,Rp3.400.000,0,,https://www.tokopedia.com/familycomputer51/asus-vivobook-a516m-celeron-n4020-ram-4gb-ssd-256gb-intel-uhd-graphics?extParam=ivf%3Dfalse%26src%3Dsearch&refined=true,928659,Family Computer Medan,https://www.tokopedia.com/familycomputer51,Medan,False,True
92,10062433843,HP 14S DQ0508TU/CELERON N4120/RAM 4GB/SSD 256GB/INTEL UHD GRAPHICS 600,3982,komputer-laptop/laptop/laptop-consumer,297,Komputer & Laptop,0,0,,Rp3.500.000,0,,https://www.tokopedia.com/familycomputer51/hp-14s-dq0508tu-celeron-n4120-ram-4gb-ssd-256gb-intel-uhd-graphics-600?extParam=ivf%3Dfalse%26src%3Dsearch&refined=true,928659,Family Computer Medan,https://www.tokopedia.com/familycomputer51,Medan,False,True
93,12137792624,"Acer A314-35-C91Z (Silver) N5100/8GB/512GB/INTEL UHD GRAPHICS/14"" FHD ",3986,komputer-laptop/laptop/notebook,297,Komputer & Laptop,0,0,,Rp5.399.000,0,,https://www.tokopedia.com/alvatechshop/acer-a314-35-c91z-silver-n5100-8gb-512gb-intel-uhd-graphics-14-fhd?extParam=ivf%3Dfalse%26src%3Dsearch&refined=true,7987044,CV Alvatech,https://www.tokopedia.com/alvatechshop,Makassar,False,True
94,10892188822,Mini PC MSI Cubi 5 12m i3-1215U 16GB 128GB SSD Intel UHD Graphics,3850,komputer-laptop/desktop-mini-pc/mini-pc,297,Komputer & Laptop,0,0,,Rp6.219.900,0,,https://www.tokopedia.com/onyxtechnology/mini-pc-msi-cubi-5-12m-i3-1215u-16gb-128gb-ssd-intel-uhd-graphics-dos-bubble-6692e?extParam=ivf%3Dfalse%26src%3Dsearch&refined=true,2183788,Onyx Technology,https://www.tokopedia.com/onyxtechnology,Jakarta Pusat,False,True
95,7575305445,ASUS VIVOBOOK X415/CELERON N4020/RAM 4GB/SSD 256 GB/INTEL UHD GRAPHICS,3982,komputer-laptop/laptop/laptop-consumer,297,Komputer & Laptop,0,0,,Rp3.300.000,0,,https://www.tokopedia.com/familycomputer51/asus-vivobook-x415-celeron-n4020-ram-4gb-ssd-256-gb-intel-uhd-graphics?extParam=ivf%3Dfalse%26src%3Dsearch&refined=true,928659,Family Computer Medan,https://www.tokopedia.com/familycomputer51,Medan,False,True
96,3171698297,laptop HP240 G8 i5-1135G7 Intel® UHD Graphics 8GB 512GB SSD Win11Home,3989,komputer-laptop/laptop/laptop-2-in-1,297,Komputer & Laptop,0,0,,Rp11.199.000,0,,https://www.tokopedia.com/metadata/laptop-hp240-g8-i5-1135g7-intel-uhd-graphics-8gb-512gb-ssd-win11home?extParam=ivf%3Dfalse%26src%3Dsearch&refined=true,4915,Metadata ,https://www.tokopedia.com/metadata,Cimahi,False,True
97,11840416050,PC Office Admin Intel Gen 12 Core i5 12400 | SSD | Intel UHD Graphic,3850,komputer-laptop/desktop-mini-pc/mini-pc,297,Komputer & Laptop,0,0,,Rp6.099.000,0,,https://www.tokopedia.com/onelinegamepc/pc-office-admin-intel-gen-12-core-i5-12400-ssd-intel-uhd-graphic-8gb-ddr4-128gb-ssd-4a2be?extParam=ivf%3Dfalse%26src%3Dsearch&refined=true,1782631,OneLine Game PC,https://www.tokopedia.com/onelinegamepc,Jakarta Timur,True,True
98,11669637219,"MSI Modern 14 C11M i3-1115G4 UHD Graphics 14"" FHD IPS-Level Thin Bezel",4008,komputer-laptop/pc-laptop-gaming/laptop-gaming,297,Komputer & Laptop,0,0,,Rp6.999.000,0,,https://www.tokopedia.com/retailyofficialstore/msi-modern-14-c11m-i3-1115g4-uhd-graphics-14-fhd-ips-level-thin-bezel?extParam=ivf%3Dfalse%26src%3Dsearch&refined=true,13250506,Retaily Official Store,https://www.tokopedia.com/retailyofficialstore,Jakarta Pusat,True,True
99,1689342555,PC Office Premium | Intel Core i5-10400 | Intel UHD 630 Graphics | SSD,3852,komputer-laptop/desktop-mini-pc/komputer-rakitan,297,Komputer & Laptop,4,0,,Rp5.499.000,5,5.0,https://www.tokopedia.com/carant/pc-office-premium-intel-core-i5-10400-intel-uhd-630-graphics-ssd?extParam=ivf%3Dfalse%26src%3Dsearch&refined=true,2402147,Carant,https://www.tokopedia.com/carant,Jakarta Utara,False,True
100,12194656401,Laptop Asus A1404ZA-IPS322 I3-1215U/256GB SSD/8GB DDR4/UHD Graphics/,3982,komputer-laptop/laptop/laptop-consumer,297,Komputer & Laptop,0,0,,Rp6.685.000,0,,https://www.tokopedia.com/level99id/laptop-asus-a1404za-ips322-i3-1215u-256gb-ssd-8gb-ddr4-uhd-graphics?extParam=ivf%3Dfalse%26src%3Dsearch&refined=true,6698692,Level99ID,https://www.tokopedia.com/level99id,Surabaya,True,True
101,12194760553,Laptop Asus A1502ZA-VIPS551 i5-1235U/512GB SSD/8GB DDR4/UHD Graphics/,3982,komputer-laptop/laptop/laptop-consumer,297,Komputer & Laptop,0,0,,Rp9.548.000,0,,https://www.tokopedia.com/level99id/laptop-asus-a1502za-vips551-i5-1235u-512gb-ssd-8gb-ddr4-uhd-graphics?extParam=ivf%3Dfalse%26src%3Dsearch&refined=true,6698692,Level99ID,https://www.tokopedia.com/level99id,Surabaya,True,True
102,12058578461,HP 15 Intel® Pentium™ N5000 UHD Graphic 4GB 256GB 15.6 Windows,3982,komputer-laptop/laptop/laptop-consumer,297,Komputer & Laptop,2,41,Rp6.799.000,Rp3.999.000,5,5.0,https://www.tokopedia.com/kanglaptop/hp-15-intel-pentium-n5000-uhd-graphic-4gb-256gb-15-6-windows-standar-a66be?extParam=ivf%3Dfalse%26src%3Dsearch&refined=true,2610284,Kang Laptop,https://www.tokopedia.com/kanglaptop,Jakarta Selatan,False,True
103,1876049488,"ntel Core i3-10110U up to 4.1Ghz 4M Cache, Intel UHD Graphics, 120GB S",3999,komputer-laptop/komponen-laptop/processor-laptop,297,Komputer & Laptop,0,0,,Rp7.499.000,0,,https://www.tokopedia.com/anugerahdigital/ntel-core-i3-10110u-up-to-4-1ghz-4m-cache-intel-uhd-graphics-120gb-s?extParam=ivf%3Dfalse%26src%3Dsearch&refined=true,2817694,ANUGERAH DIGITAL LESTARI,https://www.tokopedia.com/anugerahdigital,Jakarta Pusat,True,True
104,8386488706,Pc Rakitan Intel® UHD Graphics 770 i9 12900 I 16Gb I 512Gb I,4009,komputer-laptop/pc-laptop-gaming/pc-gaming,297,Komputer & Laptop,0,0,,Rp11.850.000,0,,https://www.tokopedia.com/birrulgamingpc08/pc-rakitan-intel-uhd-graphics-770-i9-12900-i-16gb-i-512gb-i?extParam=ivf%3Dfalse%26src%3Dsearch&refined=true,5424411,Birrul Gaming Pc 08,https://www.tokopedia.com/birrulgamingpc08,Bandung,False,True
105,7502850064,laptop HP240 G8 i5-1135G7 Intel® UHD Graphics 8GB 512GB SSD Win11Home,3989,komputer-laptop/laptop/laptop-2-in-1,297,Komputer & Laptop,0,0,,Rp11.199.000,0,,https://www.tokopedia.com/padmadata/laptop-hp240-g8-i5-1135g7-intel-uhd-graphics-8gb-512gb-ssd-win11home?extParam=ivf%3Dfalse%26src%3Dsearch&refined=true,14684571,padmadatatech,https://www.tokopedia.com/padmadata,Cimahi,False,True
106,12178171508,"Laptop MSI Modern 14 C11M i3-1115G4 UHD Graphics 14""  256GB OHS Silver",3982,komputer-laptop/laptop/laptop-consumer,297,Komputer & Laptop,0,0,,Rp6.538.000,0,,https://www.tokopedia.com/majuhardware/laptop-msi-modern-14-c11m-i3-1115g4-uhd-graphics-14-256gb-ohs-silver?extParam=ivf%3Dfalse%26src%3Dsearch&refined=true,10448173,Maju Hardware,https://www.tokopedia.com/majuhardware,Madiun,True,True
107,1441826495,PC Intel Gen10 Core i3 MB MSi RAM 16GB SSD VGA Intel UHD Graphics,4009,komputer-laptop/pc-laptop-gaming/pc-gaming,297,Komputer & Laptop,0,0,,Rp4.900.000,0,,https://www.tokopedia.com/idekomputer/pc-intel-gen10-core-i3-mb-msi-ram-16gb-ssd-vga-intel-uhd-graphics?extParam=ivf%3Dfalse%26src%3Dsearch&refined=true,581655,ide komputer,https://www.tokopedia.com/idekomputer,Malang,False,True
108,7395519771,Laptop MSI Modern 14 C11M Core i3-1115G4 UHD Graphics 14″ FHD IPS,3982,komputer-laptop/laptop/laptop-consumer,297,Komputer & Laptop,0,22,Rp8.358.955,Rp6.499.000,0,,https://www.tokopedia.com/majuhardware/laptop-msi-modern-14-c11m-core-i3-1115g4-uhd-graphics-14-fhd-ips?extParam=ivf%3Dfalse%26src%3Dsearch&refined=true,10448173,Maju Hardware,https://www.tokopedia.com/majuhardware,Madiun,True,True
109,7746934040,"Laptop Hp 14s-cf0110TU, i3-7020U, 8Gb, SSD 256Gb, Intel UHD graphics",3982,komputer-laptop/laptop/laptop-consumer,297,Komputer & Laptop,0,0,,Rp4.150.000,0,,https://www.tokopedia.com/verrycomputer/laptop-hp-14s-cf0110tu-i3-7020u-8gb-ssd-256gb-intel-uhd-graphics?extParam=ivf%3Dfalse%26src%3Dsearch&refined=true,1187914,V-COMPUTER,https://www.tokopedia.com/verrycomputer,Jakarta Barat,False,True
110,12194614040,Laptop Asus A1404ZA-IPS321 I3-1215U/256GB SSD/8GB DDR4/UHD Graphics/,3982,komputer-laptop/laptop/laptop-consumer,297,Komputer & Laptop,0,0,,Rp6.685.000,0,,https://www.tokopedia.com/level99id/laptop-asus-a1404za-ips321-i3-1215u-256gb-ssd-8gb-ddr4-uhd-graphics?extParam=ivf%3Dfalse%26src%3Dsearch&refined=true,6698692,Level99ID,https://www.tokopedia.com/level99id,Surabaya,True,True
111,3849355772,Paket Intel Core i5 10400 Intel UHD Graphics MSi H410 DDR4 SSD NVMe,3852,komputer-laptop/desktop-mini-pc/komputer-rakitan,297,Komputer & Laptop,0,0,,Rp4.750.000,0,,https://www.tokopedia.com/idekomputer/paket-intel-core-i5-10400-intel-uhd-graphics-msi-h410-ddr4-ssd-nvme?extParam=ivf%3Dfalse%26src%3Dsearch&refined=true,581655,ide komputer,https://www.tokopedia.com/idekomputer,Malang,False,True
112,6976704132,ASUS A416F Intel Core i3-10110U RAM 4GB SSD 256GB Intel UHD Graphics,3982,komputer-laptop/laptop/laptop-consumer,297,Komputer & Laptop,0,0,,Rp4.950.000,0,,https://www.tokopedia.com/umscomputer/asus-a416f-intel-core-i3-10110u-ram-4gb-ssd-256gb-intel-uhd-graphics?extParam=ivf%3Dfalse%26src%3Dsearch&refined=true,3024037,UMS Computer Solo,https://www.tokopedia.com/umscomputer,Kab. Sukoharjo,False,False
113,9214807565,"MSI Modern 14 C11M i3-1115G4 8GB 512GB INTEL UHD GRAPHICS 14"" FHD W11",3984,komputer-laptop/laptop/ultrabook,297,Komputer & Laptop,0,0,,Rp6.699.000,0,,https://www.tokopedia.com/starcompsmrg/msi-modern-14-c11m-i3-1115g4-8gb-512gb-intel-uhd-graphics-14-fhd-w11-256gb?extParam=ivf%3Dfalse%26src%3Dsearch&refined=true,11584432,Starcomp Store Semarang,https://www.tokopedia.com/starcompsmrg,Semarang,False,True
114,8307634437,Pc Gaming DDR4 I i7 13700 I 16Gb I 256Gb I 500Gb UHD Graphics 770,4009,komputer-laptop/pc-laptop-gaming/pc-gaming,297,Komputer & Laptop,0,0,,Rp10.450.000,0,,https://www.tokopedia.com/birrulgamingpc08/pc-gaming-ddr4-i-i7-13700-i-16gb-i-256gb-i-500gb-uhd-graphics-770?extParam=ivf%3Dfalse%26src%3Dsearch&refined=true,5424411,Birrul Gaming Pc 08,https://www.tokopedia.com/birrulgamingpc08,Bandung,False,True
115,6720098898,Intel NUC Mini PC NUC10I5FNHN i5-10210U/UHD Graphic/250GB/8GB/WIN11,3850,komputer-laptop/desktop-mini-pc/mini-pc,297,Komputer & Laptop,0,0,,Rp8.150.000,0,,https://www.tokopedia.com/farayaonlineshop/intel-nuc-mini-pc-nuc10i5fnhn-i5-10210u-uhd-graphic-250gb-8gb-win11?extParam=ivf%3Dfalse%26src%3Dsearch&refined=true,898700,Faraya Online Shop,https://www.tokopedia.com/farayaonlineshop,Surabaya,False,True
116,12119563254,Pc gaming ddr4 i5 14600K I 32Gb I 256Gb I 1tb Intel UHD Graphics 770,4009,komputer-laptop/pc-laptop-gaming/pc-gaming,297,Komputer & Laptop,0,0,,Rp9.900.000,0,,https://www.tokopedia.com/birrulgamingpc08/pc-gaming-ddr4-i5-14600k-i-32gb-i-256gb-i-1tb-intel-uhd-graphics-770-16-gb-nvme-256gb-e47c6?extParam=ivf%3Dfalse%26src%3Dsearch&refined=true,5424411,Birrul Gaming Pc 08,https://www.tokopedia.com/birrulgamingpc08,Bandung,False,True
117,2289674652,KOMPUTER/PC RAKITAN INTEL CORE I3 10100 COMETLAKE-VGA UHD GRAPHICS,3852,komputer-laptop/desktop-mini-pc/komputer-rakitan,297,Komputer & Laptop,1,0,,Rp5.250.000,5,5.0,https://www.tokopedia.com/gallerycomputer-/komputer-pc-rakitan-intel-core-i3-10100-cometlake-vga-uhd-graphics?extParam=ivf%3Dfalse%26src%3Dsearch&refined=true,7730034,Gallery Computer Bali,https://www.tokopedia.com/gallerycomputer-,Denpasar,False,True
118,9156320265,INFINIX INBOOK X2 i3-1115G4 8GB/256GB Intel UHD Graphic W11 ORI,3984,komputer-laptop/laptop/ultrabook,297,Komputer & Laptop,0,0,,Rp6.050.000,0,,https://www.tokopedia.com/mgcomp/infinix-inbook-x2-i3-1115g4-8gb-256gb-intel-uhd-graphic-w11-ori?extParam=ivf%3Dfalse%26src%3Dsearch&refined=true,2064594,MG computer,https://www.tokopedia.com/mgcomp,Bandung,False,True
119,2697088849,Paket Intel GEN10 Core i5 10400 SSD RAM VGA Intel UHD Graphic 630,3852,komputer-laptop/desktop-mini-pc/komputer-rakitan,297,Komputer & Laptop,0,0,,Rp4.500.000,0,,https://www.tokopedia.com/idekomputer/paket-intel-gen10-core-i5-10400-ssd-ram-vga-intel-uhd-graphic-630?extParam=ivf%3Dfalse%26src%3Dsearch&refined=true,581655,ide komputer,https://www.tokopedia.com/idekomputer,Malang,False,True
